,Pimo_cor,Pimo_p,Combine_cor,Combine_p
Breast,-0.2044473,6.24E-13,0.2834648,2.20E-16
Ovarian,-0.1132355,0.02043,0.1201258,0.01387
Bladder,-0.1383024,0.004238,0.06829254,0.1594
Liver,-0.1771753,0.0002501,0.1573149,0.00117
Lung,-0.2336387,2.12E-15,0.280837,2.20E-16
Stomach,-0.1979125,4.33E-05,0.2053498,2.17E-05
Uterine,-0.106204,0.1354,0.2015637,0.004306
Esophageal,-0.1534041,0.03095,0.2300067,0.001115
HeadandNeck,-0.07495624,0.07529,0.2385888,9.66E-09